order_id,customer_id,order_date,status
1,355,2023-09-20,completed
2,281,2024-03-21,completed
3,390,2025-09-10,returned
5,232,2024-04-04,completed
6,199,2024-10-02,completed
7,494,2025-07-08,completed
9,184,2024-10-12,pending
10,422,2023-01-19,completed
11,408,2025-03-01,completed
12,261,2023-03-31,completed
13,397,2025-05-18,completed
14,295,2024-06-13,completed
15,258,2024-09-09,completed
16,74,2025-02-03,completed
17,130,2024-01-07,completed
19,187,2025-05-27,completed
20,376,2025-09-09,completed
21,101,2023-06-06,cancelled
22,302,2024-08-18,completed
23,340,2023-12-06,completed
24,21,2025-09-25,completed
26,135,2023-12-23,completed
27,4,2023-10-12,completed
28,332,2023-02-15,completed
29,111,2025-08-23,completed
30,198,2023-02-03,cancelled
31,397,2025-06-02,completed
32,411,2025-02-19,cancelled
33,61,2025-02-07,completed
34,314,2025-03-24,completed
35,261,2024-11-24,completed
36,3,2023-10-25,completed
37,41,2025-02-26,completed
39,287,2024-12-13,cancelled
40,209,2023-05-29,completed
41,417,2024-05-27,pending
42,212,2025-11-23,completed
43,182,2024-07-05,completed
44,106,2024-05-26,completed
45,340,2023-01-14,completed
46,162,2024-07-16,pending
48,135,2025-08-23,completed
50,101,2023-11-03,completed
51,417,2023-07-17,completed
52,333,2023-12-24,completed
53,86,2024-11-21,completed
54,228,2025-01-13,completed
55,33,2025-08-27,completed
56,227,2023-09-26,completed
57,167,2025-08-14,completed
58,328,2024-12-12,completed
60,245,2025-05-31,completed
61,452,2025-03-19,completed
62,437,2023-10-07,completed
63,120,2023-01-31,completed
64,398,2025-08-20,cancelled
65,18,2023-07-12,pending
66,455,2024-03-22,completed
67,80,2023-07-03,completed
68,225,2023-02-13,completed
69,278,2024-01-24,completed
71,123,2023-05-10,completed
72,481,2023-03-06,completed
73,270,2024-06-08,completed
74,476,2023-06-13,completed
75,376,2024-09-14,completed
76,86,2025-04-02,completed
77,289,2025-02-07,returned
79,456,2024-04-22,completed
81,290,2025-10-25,completed
82,382,2025-03-28,completed
83,137,2024-10-24,completed
84,179,2024-12-06,completed
85,192,2023-06-25,completed
86,319,2023-10-17,completed
87,339,2025-01-07,completed
88,365,2024-05-21,completed
89,321,2025-03-03,cancelled
90,175,2023-10-09,completed
91,351,2023-10-10,completed
92,156,2024-07-14,completed
93,119,2025-01-05,completed
94,199,2023-10-09,completed
95,251,2025-07-26,completed
96,202,2025-12-11,completed
97,424,2024-05-18,completed
98,323,2024-01-24,completed
99,463,2025-07-14,completed
100,92,2024-02-18,completed
101,44,2025-02-25,pending
102,493,2024-01-06,completed
103,3,2025-10-07,completed
104,179,2023-03-08,cancelled
105,355,2023-12-30,completed
106,34,2023-10-03,cancelled
107,353,2024-08-11,cancelled
108,93,2024-04-21,pending
109,408,2024-02-29,pending
111,427,2025-09-08,completed
112,476,2025-12-03,completed
113,77,2023-03-05,completed
114,191,2024-09-11,completed
115,468,2025-11-02,completed
116,352,2023-06-28,cancelled
117,389,2024-03-05,completed
118,491,2025-11-18,completed
119,26,2023-04-21,completed
120,48,2025-08-17,completed
121,16,2023-08-20,completed
122,208,2023-08-08,completed
123,175,2025-06-01,completed
124,306,2023-07-19,completed
125,339,2025-12-24,completed
127,57,2023-03-05,completed
128,185,2023-11-12,cancelled
129,250,2023-10-06,completed
131,313,2025-08-25,completed
132,463,2023-01-23,completed
133,289,2025-08-27,completed
134,143,2024-07-29,completed
135,379,2025-07-03,completed
136,421,2025-10-12,completed
138,222,2024-07-12,completed
139,346,2024-02-04,completed
140,269,2025-07-02,completed
142,400,2023-05-08,completed
143,36,2024-02-15,completed
144,373,2025-07-02,completed
145,137,2024-11-06,completed
146,156,2023-07-05,cancelled
147,154,2023-08-07,completed
148,72,2023-02-21,completed
149,370,2023-08-31,completed
150,8,2023-04-13,cancelled
151,33,2023-08-06,completed
153,250,2023-01-15,completed
154,20,2025-10-20,completed
155,321,2024-07-20,completed
156,23,2025-01-15,completed
157,15,2023-08-26,completed
158,212,2025-02-08,completed
159,17,2023-05-03,completed
160,439,2024-03-19,cancelled
162,123,2023-07-05,completed
163,448,2024-01-14,completed
164,314,2024-02-29,completed
165,188,2023-05-18,completed
166,390,2024-12-23,completed
167,485,2023-05-15,cancelled
168,148,2023-06-07,completed
169,278,2025-08-28,completed
170,447,2025-11-30,completed
171,157,2024-06-16,completed
172,147,2023-12-26,completed
173,226,2024-01-13,completed
174,208,2023-10-25,returned
175,149,2023-10-29,completed
177,43,2025-07-01,pending
178,448,2024-03-17,completed
179,445,2024-11-17,pending
180,252,2024-09-10,completed
181,331,2023-09-02,completed
182,290,2024-06-12,completed
183,84,2023-10-27,cancelled
184,490,2024-08-16,completed
185,94,2023-12-09,cancelled
186,145,2025-09-20,returned
187,287,2025-12-12,completed
188,60,2023-02-05,completed
189,439,2024-04-09,completed
190,397,2025-06-02,completed
191,180,2023-10-26,returned
193,117,2024-10-05,completed
194,253,2024-08-03,completed
195,346,2023-08-04,completed
196,356,2023-07-28,cancelled
197,430,2025-10-19,completed
198,119,2023-10-03,completed
199,196,2024-10-31,completed
200,267,2025-08-12,completed
201,227,2023-03-09,completed
202,292,2025-08-20,cancelled
203,179,2023-02-25,completed
205,51,2023-07-24,completed
206,275,2024-06-27,pending
207,178,2024-09-10,completed
208,327,2025-06-07,completed
209,76,2024-09-06,completed
210,137,2023-11-25,completed
212,460,2024-09-02,returned
213,47,2023-09-08,completed
214,192,2023-08-20,completed
215,11,2023-03-13,completed
216,197,2025-01-13,completed
217,324,2025-04-12,completed
218,212,2024-11-12,cancelled
219,260,2025-05-11,cancelled
220,322,2023-06-18,completed
221,448,2024-06-17,completed
222,453,2023-02-12,returned
223,291,2025-12-12,returned
224,221,2024-03-17,completed
225,135,2025-07-12,completed
226,286,2024-11-12,completed
227,457,2024-01-03,completed
228,66,2024-07-29,returned
229,252,2023-11-06,returned
231,87,2024-07-12,completed
232,256,2024-11-04,completed
233,488,2024-10-24,completed
234,25,2024-08-02,completed
235,131,2025-03-27,cancelled
236,252,2024-09-27,completed
237,289,2023-07-04,cancelled
238,411,2023-11-01,completed
239,212,2024-06-02,completed
240,231,2024-06-26,returned
242,417,2025-01-08,pending
243,75,2025-06-11,cancelled
244,231,2024-02-17,cancelled
245,303,2025-09-26,completed
246,138,2025-05-04,completed
247,437,2025-08-17,completed
248,67,2023-11-17,completed
249,458,2023-05-11,completed
251,446,2025-01-10,completed
252,213,2023-01-14,cancelled
253,386,2024-04-12,completed
254,162,2023-12-03,completed
255,30,2025-11-30,completed
256,452,2023-03-17,completed
257,388,2023-02-17,completed
258,294,2025-07-17,completed
259,185,2023-10-28,cancelled
260,67,2025-07-02,completed
261,214,2023-10-23,completed
262,61,2025-04-16,completed
263,402,2023-04-10,completed
264,159,2024-11-22,completed
265,24,2025-06-26,completed
266,44,2023-04-19,completed
267,274,2025-04-02,completed
268,13,2024-10-11,completed
269,94,2023-07-03,pending
270,51,2025-04-25,completed
271,306,2025-10-06,completed
272,284,2025-09-18,completed
273,285,2023-09-15,completed
274,73,2023-12-11,completed
275,430,2024-12-20,completed
276,491,2024-12-02,pending
277,345,2025-09-28,completed
280,290,2023-12-26,completed
281,439,2025-12-07,completed
282,453,2025-05-24,returned
283,209,2025-11-27,completed
284,471,2025-07-08,completed
286,13,2024-11-15,completed
287,44,2023-03-10,cancelled
288,411,2024-09-09,completed
289,151,2025-04-02,completed
291,56,2023-05-19,cancelled
292,334,2024-09-29,completed
293,5,2023-10-24,completed
295,355,2024-03-12,completed
296,285,2024-08-18,completed
297,284,2024-02-06,cancelled
298,404,2024-11-24,completed
299,34,2023-09-25,completed
300,168,2024-07-27,cancelled
301,248,2025-10-10,completed
302,44,2023-06-22,completed
303,240,2025-01-22,completed
304,475,2023-08-31,completed
306,384,2024-04-23,completed
307,296,2024-09-17,completed
308,12,2023-03-07,completed
309,97,2024-11-04,completed
310,494,2024-02-26,completed
311,6,2025-04-21,pending
312,444,2024-02-26,cancelled
313,205,2024-05-20,returned
314,92,2025-06-03,returned
315,446,2024-08-20,completed
316,40,2025-10-30,completed
317,204,2024-05-28,returned
318,225,2024-07-25,completed
319,64,2025-03-11,completed
320,184,2023-03-12,completed
321,476,2024-05-03,completed
322,349,2024-03-27,completed
323,321,2024-02-29,completed
324,337,2025-01-25,cancelled
325,498,2023-09-30,completed
326,361,2024-04-21,completed
327,388,2023-06-12,completed
328,169,2024-10-12,completed
329,196,2024-01-11,completed
330,240,2024-02-09,completed
331,401,2025-01-06,completed
332,472,2023-11-09,completed
334,100,2024-06-06,completed
335,417,2023-02-27,completed
336,301,2023-06-14,completed
337,294,2024-12-06,completed
339,31,2024-01-28,returned
340,16,2025-09-05,completed
341,4,2023-03-27,completed
342,243,2025-05-29,completed
343,413,2025-07-24,completed
344,385,2025-01-24,completed
345,120,2025-03-30,completed
346,449,2025-10-30,completed
347,229,2025-09-14,completed
348,476,2025-02-24,completed
349,478,2023-05-13,completed
350,304,2023-08-26,completed
351,187,2023-09-16,completed
353,361,2023-05-01,completed
354,398,2025-09-25,completed
355,388,2023-05-28,completed
356,298,2023-04-21,completed
357,5,2023-07-28,pending
358,243,2023-04-18,completed
359,89,2025-02-07,pending
360,333,2025-06-30,completed
361,466,2023-02-17,pending
362,442,2024-01-14,completed
364,335,2024-06-09,completed
365,279,2023-01-01,completed
366,97,2024-03-16,completed
367,131,2023-12-01,completed
368,357,2025-02-01,completed
369,186,2024-07-13,completed
370,373,2025-09-29,completed
371,352,2023-11-15,completed
372,142,2025-12-02,cancelled
373,433,2023-06-12,completed
374,147,2025-10-06,completed
375,360,2024-12-07,completed
376,58,2024-05-26,cancelled
378,52,2024-02-09,completed
379,192,2025-05-27,completed
380,446,2023-08-15,completed
381,410,2023-09-18,completed
382,425,2023-01-17,completed
383,243,2023-07-31,completed
384,141,2023-10-27,completed
385,269,2024-04-18,completed
386,156,2025-01-14,completed
387,130,2025-01-14,completed
388,380,2025-12-19,completed
389,496,2024-01-26,completed
390,243,2024-02-18,completed
391,230,2023-08-29,completed
392,356,2025-03-25,completed
393,5,2025-11-16,completed
394,139,2023-04-16,completed
395,485,2024-06-24,completed
396,353,2024-06-11,completed
397,93,2023-12-27,completed
398,352,2023-05-23,completed
399,391,2023-03-31,completed
400,419,2023-06-24,completed
401,152,2025-04-30,returned
403,490,2025-01-01,completed
404,348,2024-09-09,completed
405,478,2023-06-06,cancelled
406,408,2025-09-06,completed
408,421,2023-06-21,completed
409,179,2023-10-13,completed
410,340,2025-09-03,cancelled
411,126,2025-05-02,completed
412,331,2024-08-10,completed
413,6,2025-05-17,cancelled
416,405,2023-04-09,returned
417,257,2025-03-11,pending
418,258,2023-11-04,completed
419,414,2023-10-16,completed
420,313,2023-11-09,pending
421,446,2023-06-28,completed
422,37,2025-08-01,completed
423,439,2023-09-22,completed
425,329,2025-08-10,completed
427,17,2025-02-17,cancelled
428,42,2025-07-13,completed
429,179,2025-09-13,completed
430,288,2024-02-11,completed
431,483,2023-09-15,completed
432,187,2024-09-20,cancelled
433,192,2023-11-30,completed
434,384,2023-07-24,completed
435,109,2025-07-20,completed
437,425,2025-05-28,completed
438,364,2025-10-29,completed
439,322,2023-11-10,completed
440,376,2025-07-18,completed
441,414,2024-06-17,completed
442,145,2024-01-05,completed
443,40,2025-05-09,completed
444,308,2023-11-21,completed
446,247,2023-07-08,completed
447,352,2024-07-29,completed
448,460,2023-05-12,cancelled
449,191,2024-10-05,completed
450,291,2024-04-21,completed
451,256,2024-07-16,completed
452,330,2023-01-10,completed
453,141,2024-12-09,completed
454,481,2023-03-01,cancelled
455,462,2023-01-11,cancelled
456,406,2024-07-06,returned
457,165,2025-09-15,completed
458,31,2024-03-18,completed
460,236,2023-02-28,completed
461,28,2025-01-27,completed
463,362,2023-01-07,completed
464,11,2024-06-24,completed
466,130,2023-01-28,completed
467,338,2025-01-01,completed
468,449,2024-06-27,completed
469,63,2025-07-20,completed
470,149,2023-11-30,completed
471,339,2023-04-13,completed
472,471,2024-03-24,returned
473,472,2024-09-28,completed
474,153,2025-08-02,completed
475,468,2025-05-12,completed
476,4,2025-11-26,completed
477,50,2025-09-13,cancelled
478,265,2025-10-11,cancelled
479,320,2023-08-23,completed
481,95,2024-06-17,completed
482,253,2024-07-17,completed
483,76,2025-07-25,completed
484,439,2024-03-07,completed
485,35,2025-09-17,completed
486,298,2025-04-06,completed
487,119,2024-04-29,cancelled
488,431,2023-12-23,completed
489,271,2024-01-29,completed
492,421,2024-05-29,completed
493,30,2023-08-16,returned
494,281,2024-11-06,completed
495,486,2023-03-14,completed
496,260,2024-12-18,completed
497,441,2023-02-07,completed
498,30,2023-07-08,completed
499,67,2025-09-07,completed
500,377,2024-03-27,completed
501,462,2025-09-22,completed
502,372,2023-10-18,completed
503,438,2025-10-11,completed
504,466,2024-11-19,returned
506,128,2024-08-28,completed
507,184,2024-03-22,completed
508,226,2024-07-19,completed
509,336,2025-11-03,completed
510,366,2024-06-11,cancelled
511,122,2025-01-30,completed
512,74,2025-01-07,completed
513,14,2024-03-09,completed
514,295,2025-05-06,completed
515,162,2023-08-25,completed
516,424,2024-05-16,completed
517,449,2023-12-08,completed
518,182,2024-05-09,completed
519,467,2025-07-10,completed
520,225,2024-07-26,completed
521,22,2024-03-07,completed
522,342,2023-07-16,cancelled
523,190,2025-05-23,completed
524,60,2023-06-11,completed
525,142,2025-11-16,completed
527,145,2023-07-01,cancelled
528,20,2024-06-22,completed
529,431,2024-08-21,completed
530,340,2023-12-27,completed
531,397,2025-09-28,completed
532,456,2025-04-17,completed
533,373,2023-04-04,completed
534,171,2023-05-10,completed
536,406,2023-11-18,completed
537,68,2024-07-06,completed
538,235,2024-06-25,completed
539,488,2023-08-10,completed
540,245,2024-09-28,cancelled
541,483,2024-05-26,completed
542,290,2023-01-12,completed
543,7,2023-09-06,completed
544,321,2025-09-24,cancelled
545,268,2025-01-30,completed
546,3,2024-01-20,completed
547,141,2025-05-22,completed
548,301,2025-02-23,completed
549,166,2023-04-17,cancelled
550,268,2023-06-10,cancelled
551,251,2024-05-28,completed
552,92,2023-01-22,completed
553,258,2024-07-13,completed
554,324,2023-12-22,cancelled
555,440,2024-02-02,completed
556,482,2025-05-02,completed
557,43,2023-04-02,completed
558,471,2023-06-26,completed
559,112,2025-07-31,completed
560,195,2023-12-31,completed
561,187,2025-12-07,completed
562,223,2024-08-14,completed
563,240,2025-02-01,completed
564,446,2023-11-22,completed
565,240,2023-02-14,completed
566,462,2023-08-09,completed
567,159,2023-10-17,completed
568,42,2024-02-21,completed
569,282,2024-03-11,completed
570,274,2025-09-27,pending
571,189,2025-10-23,completed
572,218,2024-09-29,cancelled
573,204,2023-08-06,completed
574,7,2023-09-21,completed
575,400,2024-11-17,pending
576,273,2023-06-13,completed
577,173,2023-02-18,completed
578,273,2024-05-24,completed
579,235,2024-05-14,returned
580,383,2023-06-12,completed
581,156,2024-05-14,completed
582,10,2023-09-23,completed
583,326,2025-03-07,completed
584,131,2023-06-10,completed
585,320,2024-12-21,completed
586,252,2025-02-07,completed
587,215,2024-07-25,completed
588,273,2025-04-07,completed
589,335,2025-05-06,completed
590,488,2025-03-08,cancelled
591,151,2023-03-05,completed
593,442,2025-05-04,cancelled
595,73,2025-09-15,completed
596,388,2024-08-27,completed
597,366,2023-11-21,completed
598,76,2024-06-15,completed
599,460,2023-05-13,completed
600,327,2025-12-09,completed
602,312,2024-07-22,completed
603,32,2024-05-14,completed
604,278,2025-09-24,completed
605,253,2024-11-04,completed
606,485,2023-01-14,pending
607,56,2024-03-12,completed
608,265,2025-05-03,completed
609,162,2025-05-21,completed
610,210,2023-10-14,completed
612,246,2025-08-20,returned
613,146,2023-10-03,completed
614,72,2023-05-20,completed
615,186,2024-06-14,completed
616,219,2025-09-23,cancelled
617,224,2025-10-29,completed
618,393,2024-07-21,cancelled
619,400,2025-06-04,completed
620,115,2024-10-30,completed
621,76,2024-01-07,completed
622,489,2024-10-07,completed
623,112,2023-02-25,cancelled
624,195,2023-09-13,completed
625,261,2025-07-24,completed
626,415,2025-08-23,pending
627,241,2023-05-06,completed
628,415,2025-01-17,completed
630,115,2023-05-16,completed
631,337,2023-07-17,completed
632,338,2025-08-04,completed
633,8,2023-03-11,completed
634,135,2023-08-30,completed
635,188,2023-02-22,completed
636,178,2025-06-12,returned
637,272,2025-12-27,completed
638,497,2024-08-30,completed
640,128,2023-05-25,returned
641,73,2024-11-01,completed
642,313,2023-05-25,completed
643,87,2025-09-24,completed
644,436,2025-06-04,completed
645,52,2025-09-21,completed
646,61,2024-05-03,completed
647,93,2024-11-04,returned
648,130,2024-12-05,pending
649,395,2024-10-21,completed
650,157,2023-07-05,completed
651,166,2024-01-24,returned
652,273,2023-09-30,completed
654,494,2025-09-16,completed
655,480,2025-01-01,completed
657,30,2025-09-03,completed
658,111,2024-09-26,completed
659,184,2023-05-26,completed
660,16,2025-10-10,completed
661,196,2023-10-11,completed
662,117,2023-06-17,completed
663,490,2025-10-17,completed
664,417,2023-03-04,returned
665,56,2024-01-05,completed
666,314,2025-07-20,completed
667,31,2025-09-10,returned
668,321,2025-06-10,completed
670,51,2024-01-16,completed
672,338,2024-11-08,pending
673,319,2025-05-15,completed
674,432,2025-09-26,completed
675,275,2024-06-09,completed
677,391,2023-05-19,completed
678,175,2024-05-28,completed
679,259,2024-01-12,completed
680,351,2025-11-26,completed
681,4,2023-04-30,completed
682,19,2023-06-01,cancelled
683,326,2023-11-10,cancelled
684,452,2023-02-12,completed
685,278,2025-04-03,completed
686,199,2024-11-22,completed
687,278,2024-09-07,pending
688,382,2023-11-16,completed
689,250,2025-12-22,cancelled
690,5,2023-04-19,completed
692,76,2023-07-18,completed
693,485,2024-12-05,pending
694,165,2023-06-20,pending
695,464,2024-05-04,completed
696,10,2024-02-13,completed
697,172,2025-11-15,completed
698,468,2025-11-08,completed
700,466,2023-11-16,pending
701,368,2023-01-08,completed
702,102,2025-10-11,completed
703,450,2024-01-23,completed
704,388,2023-11-29,cancelled
705,336,2024-05-30,completed
706,376,2025-05-30,completed
707,381,2025-01-28,completed
708,237,2025-04-05,cancelled
709,8,2023-12-20,returned
710,12,2023-11-21,pending
711,73,2025-10-09,completed
713,462,2024-07-28,completed
714,128,2025-08-20,completed
715,42,2025-08-05,cancelled
716,31,2024-04-02,completed
717,32,2024-02-04,completed
718,105,2023-02-21,completed
719,234,2025-07-17,completed
720,322,2024-10-25,completed
721,388,2025-11-13,completed
722,482,2023-07-08,pending
723,281,2024-02-29,completed
724,120,2023-10-09,completed
725,299,2024-12-16,completed
726,192,2023-11-24,completed
727,334,2025-04-10,completed
728,28,2024-04-15,cancelled
729,235,2023-12-05,completed
730,493,2023-04-20,completed
731,234,2024-02-24,completed
732,58,2024-04-25,cancelled
733,212,2023-01-28,completed
734,369,2024-07-01,completed
735,428,2025-09-27,completed
736,189,2025-08-25,completed
737,178,2023-10-30,completed
738,277,2023-12-03,completed
739,406,2025-03-22,completed
741,353,2023-08-06,completed
742,469,2024-09-19,completed
743,16,2024-02-29,completed
744,61,2025-01-02,completed
745,359,2025-02-24,completed
746,45,2023-07-08,completed
747,124,2025-08-19,completed
748,357,2023-04-10,completed
749,199,2023-12-28,completed
750,486,2023-07-27,completed
751,45,2025-01-02,completed
752,96,2025-07-02,completed
753,262,2023-08-19,completed
754,284,2023-05-26,completed
755,386,2024-10-18,completed
756,387,2024-05-09,completed
757,288,2023-10-26,completed
758,198,2023-10-09,completed
759,464,2024-05-05,completed
760,456,2024-08-27,completed
761,201,2024-07-08,completed
762,416,2025-10-10,pending
763,93,2023-04-22,completed
764,50,2025-05-16,cancelled
765,300,2024-03-26,pending
766,236,2023-12-22,completed
767,441,2025-03-02,completed
768,379,2025-02-17,completed
769,256,2025-03-05,completed
770,141,2024-08-18,completed
771,11,2025-07-01,completed
772,300,2025-12-23,cancelled
773,151,2025-06-11,returned
774,318,2023-12-27,completed
775,399,2025-01-25,completed
776,11,2023-04-27,completed
777,387,2025-02-11,completed
778,440,2023-03-16,completed
779,385,2025-06-10,completed
780,130,2025-08-13,completed
781,460,2023-07-27,completed
783,191,2025-04-06,completed
784,264,2025-11-02,pending
785,156,2023-09-30,completed
786,248,2024-03-24,pending
787,168,2025-12-01,cancelled
788,261,2025-04-08,completed
789,79,2025-11-01,completed
791,208,2024-04-26,completed
792,43,2023-01-18,completed
793,2,2023-03-08,pending
794,20,2023-06-18,completed
795,304,2025-12-13,completed
796,115,2023-03-07,completed
797,362,2025-05-06,completed
798,61,2025-07-08,completed
799,343,2024-09-11,completed
800,495,2024-10-24,cancelled
801,453,2025-11-16,pending
803,171,2023-05-09,cancelled
804,343,2024-06-04,completed
805,491,2024-07-14,cancelled
806,438,2025-03-07,completed
807,213,2025-05-23,completed
808,278,2023-05-21,completed
809,34,2024-07-07,completed
810,181,2024-01-23,completed
811,84,2023-11-25,completed
812,222,2025-11-15,completed
813,382,2025-10-09,completed
814,479,2024-11-24,cancelled
815,283,2024-11-28,cancelled
817,158,2025-04-13,pending
819,431,2023-06-13,completed
820,27,2023-07-13,completed
821,415,2023-08-07,completed
822,3,2024-07-13,completed
823,199,2025-12-16,completed
824,383,2023-09-20,cancelled
825,334,2023-08-15,completed
826,76,2023-09-10,completed
827,341,2024-05-12,returned
828,73,2023-12-29,completed
829,121,2025-02-26,returned
830,145,2024-05-15,completed
831,96,2024-09-19,completed
832,456,2023-04-04,completed
834,114,2024-03-23,completed
835,144,2025-07-10,completed
836,353,2023-12-09,completed
837,111,2024-11-08,completed
838,285,2023-02-25,pending
839,231,2023-10-03,completed
840,33,2023-11-22,completed
841,223,2023-12-07,completed
842,134,2023-02-11,completed
843,298,2023-10-04,completed
844,283,2025-12-11,completed
845,405,2023-07-03,completed
846,165,2024-07-19,completed
847,397,2023-02-19,completed
848,414,2023-06-16,completed
849,323,2023-02-22,pending
851,319,2024-10-05,completed
852,208,2023-09-09,completed
853,193,2023-03-22,completed
854,399,2025-12-12,completed
855,469,2023-01-11,completed
856,194,2024-01-20,completed
857,82,2025-05-09,completed
858,444,2024-01-18,completed
860,175,2023-04-28,completed
861,270,2024-10-07,completed
862,370,2023-09-11,completed
863,69,2024-10-23,completed
864,369,2023-01-18,completed
865,172,2023-08-18,cancelled
866,313,2023-10-02,completed
867,209,2023-11-19,completed
868,22,2023-02-13,completed
870,131,2024-12-29,completed
871,271,2024-02-02,completed
872,25,2023-05-13,completed
874,290,2023-02-13,cancelled
875,359,2025-08-26,completed
876,340,2025-01-10,cancelled
877,282,2023-10-29,completed
878,415,2023-10-26,cancelled
879,124,2024-09-28,completed
881,172,2023-02-22,completed
882,487,2025-04-22,completed
883,30,2025-07-08,completed
884,473,2023-11-26,returned
885,480,2025-12-28,pending
886,161,2023-12-17,returned
888,87,2024-10-23,cancelled
889,350,2023-07-28,completed
890,39,2023-11-27,cancelled
891,219,2024-04-19,completed
892,164,2024-11-24,completed
893,475,2025-07-17,completed
894,431,2024-04-03,completed
895,352,2023-11-04,completed
896,387,2023-03-22,completed
897,20,2023-03-11,completed
898,150,2024-09-02,completed
899,473,2025-04-02,completed
900,77,2025-06-12,completed
901,384,2025-12-25,completed
902,318,2025-07-24,completed
903,91,2024-12-02,completed
904,181,2024-08-25,completed
905,100,2023-07-31,completed
906,390,2025-09-16,returned
907,201,2023-02-22,completed
909,108,2023-06-30,completed
911,182,2025-02-23,returned
912,310,2023-09-27,completed
913,490,2025-11-03,completed
914,408,2024-08-12,completed
915,118,2024-04-20,completed
916,36,2024-10-25,completed
917,436,2025-02-23,completed
918,67,2025-11-21,completed
919,98,2023-09-16,completed
920,31,2023-01-17,completed
921,461,2025-08-08,completed
922,317,2025-07-17,completed
923,492,2025-08-18,completed
924,475,2024-01-08,completed
925,86,2025-01-14,completed
926,483,2024-11-12,completed
927,306,2025-12-15,completed
928,15,2023-07-21,completed
929,453,2025-09-28,returned
930,327,2023-05-05,returned
931,155,2025-03-05,cancelled
932,48,2025-09-05,cancelled
933,375,2024-02-29,cancelled
934,22,2023-03-07,completed
936,72,2023-01-18,completed
937,188,2024-12-17,cancelled
938,110,2024-12-08,completed
939,277,2024-09-20,completed
940,399,2023-10-16,returned
941,370,2025-06-02,completed
942,364,2023-03-08,completed
943,485,2025-09-09,completed
944,14,2025-04-24,completed
945,16,2023-08-10,completed
946,148,2025-12-22,completed
947,290,2024-12-15,completed
948,171,2024-02-15,completed
950,20,2024-06-21,completed
951,153,2025-10-14,completed
952,77,2024-08-10,completed
953,35,2024-06-24,completed
954,277,2023-08-05,completed
955,477,2023-06-21,completed
956,436,2025-03-28,completed
957,378,2025-06-20,completed
958,14,2023-04-06,completed
959,195,2024-09-05,completed
960,256,2024-07-07,completed
961,118,2024-06-13,completed
962,440,2025-03-26,completed
963,6,2024-11-23,completed
964,257,2023-03-26,completed
965,425,2024-05-23,completed
966,131,2025-11-12,completed
967,490,2024-09-10,completed
968,477,2025-11-22,completed
970,353,2023-07-04,completed
971,352,2025-01-09,returned
972,41,2023-05-07,completed
973,305,2024-09-08,completed
974,8,2024-09-28,cancelled
975,125,2025-01-26,completed
977,243,2023-10-03,completed
978,4,2023-01-31,completed
979,140,2025-04-16,cancelled
980,302,2025-12-26,completed
981,356,2025-10-28,completed
982,75,2023-06-07,returned
983,318,2023-06-23,returned
984,420,2025-08-30,completed
985,458,2024-04-15,completed
986,203,2025-10-31,returned
988,263,2025-03-01,completed
990,90,2024-02-22,completed
991,265,2023-04-12,completed
992,90,2023-02-03,completed
993,197,2024-08-14,completed
994,162,2023-07-20,completed
995,2,2024-07-25,pending
996,154,2023-07-04,cancelled
997,419,2024-07-04,completed
998,271,2025-06-06,completed
999,292,2025-02-11,completed
1000,494,2024-01-18,completed
1001,460,2023-10-13,completed
1002,71,2025-02-27,completed
1003,312,2025-04-04,completed
1004,416,2024-06-25,completed
1005,428,2025-06-10,completed
1006,487,2023-12-18,completed
1009,454,2023-06-26,completed
1010,419,2025-06-21,completed
1011,349,2025-09-17,completed
1012,168,2024-04-09,completed
1014,171,2024-12-21,completed
1015,471,2025-12-21,cancelled
1016,117,2024-09-02,completed
1018,277,2024-10-26,completed
1019,260,2023-07-14,completed
1020,28,2023-12-29,completed
1021,461,2023-05-02,cancelled
1022,110,2024-01-10,completed
1023,282,2024-12-25,completed
1024,347,2024-09-14,completed
1025,335,2023-12-23,completed
1026,18,2025-09-24,completed
1027,466,2023-05-01,completed
1028,292,2024-09-20,pending
1029,5,2024-12-13,completed
1030,55,2024-06-05,completed
1031,439,2023-02-01,completed
1032,24,2023-01-12,pending
1033,491,2025-07-23,cancelled
1034,453,2025-07-26,completed
1036,116,2023-01-13,completed
1037,466,2023-01-09,completed
1038,238,2025-08-21,completed
1039,193,2023-11-13,completed
1040,337,2025-11-18,completed
1042,364,2023-01-21,completed
1043,26,2023-11-02,completed
1044,214,2023-04-07,completed
1045,407,2025-06-20,completed
1046,21,2023-11-22,pending
1047,199,2023-11-05,cancelled
1048,454,2025-05-05,returned
1049,31,2024-08-10,completed
1050,291,2023-01-18,completed
1051,452,2023-07-01,completed
1052,285,2024-06-29,completed
1054,342,2025-12-24,completed
1055,271,2023-02-27,completed
1056,365,2024-07-03,returned
1057,477,2025-10-26,cancelled
1059,70,2023-09-01,completed
1060,163,2024-03-13,completed
1061,41,2025-07-03,returned
1062,464,2025-08-01,cancelled
1063,228,2023-09-28,completed
1064,323,2023-11-09,returned
1066,117,2023-09-10,completed
1067,180,2025-11-27,completed
1068,324,2024-05-19,completed
1069,437,2024-03-30,completed
1070,465,2025-07-29,completed
1071,488,2024-03-31,completed
1072,227,2023-09-26,pending
1073,150,2023-11-12,pending
1074,125,2025-09-07,completed
1075,351,2024-07-18,completed
1076,339,2024-08-10,completed
1077,480,2023-05-18,completed
1078,193,2024-03-09,completed
1080,125,2025-05-30,completed
1081,409,2024-01-15,completed
1082,494,2025-08-31,completed
1083,309,2025-02-21,completed
1085,496,2025-03-21,completed
1086,178,2023-03-11,completed
1087,358,2024-02-12,completed
1088,357,2024-10-19,completed
1089,318,2024-11-17,completed
1090,158,2023-05-30,completed
1091,125,2024-06-13,completed
1092,389,2023-12-17,completed
1093,81,2023-01-17,completed
1094,323,2025-04-25,completed
1095,73,2024-12-29,completed
1096,271,2025-03-13,completed
1097,357,2025-03-05,completed
1098,235,2024-06-26,completed
1099,366,2025-10-30,completed
1100,299,2023-11-10,completed
1101,406,2023-04-07,cancelled
1102,69,2023-08-09,cancelled
1103,376,2025-05-26,completed
1104,245,2024-12-12,completed
1105,108,2023-12-21,completed
1106,368,2023-12-01,completed
1107,417,2025-04-27,completed
1108,328,2025-06-21,completed
1109,411,2024-12-03,completed
1111,22,2024-12-10,completed
1112,181,2024-05-30,completed
1113,384,2024-03-27,completed
1114,58,2025-02-10,completed
1115,419,2024-08-16,completed
1116,298,2023-01-25,completed
1117,351,2024-10-03,completed
1118,472,2024-10-15,completed
1119,189,2023-11-19,completed
1120,78,2024-10-08,completed
1121,39,2024-06-14,completed
1122,487,2023-06-06,completed
1123,446,2025-05-04,pending
1124,157,2023-01-02,completed
1125,205,2023-09-01,completed
1126,224,2024-01-02,completed
1127,249,2023-08-18,cancelled
1128,449,2025-04-19,completed
1129,100,2024-01-22,completed
1130,454,2024-04-26,completed
1131,204,2025-06-04,completed
1132,248,2023-06-20,completed
1133,259,2024-02-16,completed
1134,308,2023-05-10,completed
1135,49,2025-05-15,completed
1136,471,2023-08-15,completed
1137,392,2024-12-25,completed
1138,5,2024-09-02,completed
1140,411,2024-09-11,completed
1141,274,2024-08-16,completed
1142,61,2023-03-06,completed
1144,213,2024-04-29,returned
1145,9,2025-01-02,completed
1146,246,2023-02-09,completed
1147,455,2023-04-08,returned
1148,476,2025-02-05,returned
1149,218,2024-01-13,completed
1150,167,2024-04-01,completed
1152,95,2023-05-20,completed
1153,218,2024-05-19,completed
1154,440,2025-04-11,completed
1155,233,2025-08-23,completed
1156,405,2023-09-01,completed
1157,404,2024-02-16,completed
1158,147,2025-06-09,completed
1159,413,2023-04-13,completed
1160,97,2025-02-20,completed
1161,310,2025-02-09,completed
1162,296,2024-04-24,completed
1163,88,2025-03-09,returned
1164,65,2023-08-16,completed
1165,154,2024-01-20,returned
1166,407,2025-05-21,cancelled
1167,252,2023-06-13,returned
1168,300,2025-02-04,cancelled
1169,343,2023-09-17,completed
1170,41,2025-12-26,completed
1171,409,2025-10-25,completed
1172,478,2025-12-23,completed
1173,321,2024-10-20,pending
1174,291,2024-12-11,completed
1175,333,2023-01-10,completed
1176,361,2023-06-06,completed
1177,20,2023-01-03,pending
1178,107,2025-11-08,completed
1179,295,2023-04-02,completed
1180,362,2024-11-04,cancelled
1181,413,2023-09-03,completed
1182,106,2025-06-26,completed
1183,179,2025-05-08,completed
1186,254,2024-07-11,completed
1187,325,2023-10-23,completed
1188,254,2023-10-23,completed
1189,157,2025-06-02,completed
1190,205,2023-12-14,returned
1191,122,2025-04-28,completed
1192,254,2024-11-14,completed
1193,237,2023-03-12,completed
1194,195,2025-11-09,completed
1195,57,2023-05-21,completed
1196,477,2024-01-12,completed
1197,157,2025-07-02,completed
1198,321,2023-07-13,completed
1199,184,2024-12-19,completed
1200,477,2023-07-06,completed
1201,31,2025-10-21,completed
1202,252,2023-09-25,completed
1203,493,2023-09-19,completed
1204,487,2023-11-20,completed
1205,184,2023-01-04,completed
1207,439,2025-02-26,completed
1208,380,2025-12-25,completed
1209,133,2023-03-25,returned
1210,285,2024-06-14,completed
1212,330,2023-10-13,completed
1214,257,2025-10-14,completed
1215,82,2024-03-31,completed
1216,49,2023-10-13,completed
1217,309,2023-04-24,completed
1218,268,2023-06-27,completed
1220,167,2024-06-13,completed
1221,495,2023-06-30,completed
1222,210,2023-12-01,completed
1223,434,2025-03-04,returned
1224,433,2024-08-23,cancelled
1225,478,2025-11-11,completed
1226,450,2025-02-13,returned
1227,132,2023-12-19,completed
1228,280,2025-12-23,completed
1229,208,2023-02-07,completed
1231,16,2025-04-02,completed
1232,229,2023-04-12,cancelled
1233,480,2023-08-28,completed
1235,433,2025-08-13,completed
1236,362,2025-08-25,completed
1237,15,2025-11-14,completed
1238,252,2024-02-10,cancelled
1239,55,2023-01-15,completed
1240,239,2025-10-22,completed
1241,84,2023-09-06,completed
1244,81,2024-03-09,completed
1245,415,2023-02-01,completed
1246,366,2025-03-05,completed
1247,167,2023-08-31,completed
1248,392,2023-08-16,completed
1249,80,2023-04-04,cancelled
1250,240,2025-01-03,completed
1251,371,2023-07-20,completed
1252,431,2024-10-26,completed
1253,265,2023-04-04,completed
1254,35,2024-02-27,completed
1255,356,2024-06-23,returned
1256,296,2023-06-21,completed
1257,174,2023-11-22,completed
1258,93,2025-04-04,completed
1259,55,2025-08-09,completed
1260,283,2024-04-21,completed
1261,5,2024-01-02,cancelled
1262,280,2023-05-27,cancelled
1263,42,2024-02-02,completed
1265,388,2024-06-16,cancelled
1266,441,2023-08-30,completed
1267,426,2025-05-09,completed
1268,106,2024-06-26,completed
1269,187,2023-02-14,completed
1271,179,2024-05-21,completed
1273,417,2024-08-06,completed
1275,202,2023-10-02,completed
1276,191,2023-05-15,completed
1277,52,2024-04-20,completed
1278,456,2023-09-04,completed
1280,33,2024-04-16,completed
1281,227,2025-08-02,completed
1282,277,2024-01-05,pending
1284,267,2025-10-28,completed
1285,65,2023-12-11,returned
1286,274,2025-04-10,cancelled
1287,485,2023-11-29,completed
1288,210,2024-06-21,cancelled
1289,95,2024-08-06,completed
1290,126,2024-02-16,completed
1291,3,2025-05-09,returned
1292,384,2023-04-23,completed
1293,117,2024-02-14,completed
1294,495,2023-10-09,completed
1295,245,2023-03-06,completed
1296,175,2025-06-22,completed
1297,137,2023-06-09,completed
1298,6,2024-08-23,completed
1299,240,2025-11-22,completed
1300,2,2024-04-10,completed
1301,17,2024-03-27,completed
1302,43,2025-07-13,pending
1303,207,2023-05-18,completed
1304,383,2023-03-10,completed
1305,500,2025-04-23,completed
1306,203,2025-06-20,completed
1307,329,2023-06-16,completed
1308,105,2023-12-13,completed
1309,332,2025-05-15,completed
1311,235,2023-01-13,cancelled
1312,45,2024-05-01,completed
1313,311,2024-07-10,returned
1315,334,2023-10-18,completed
1316,230,2023-08-23,returned
1317,263,2023-03-06,cancelled
1318,271,2025-04-29,completed
1319,265,2024-11-25,completed
1320,88,2025-04-11,completed
1321,123,2025-07-23,completed
1322,112,2025-02-20,completed
1323,477,2024-09-02,cancelled
1324,235,2023-01-19,returned
1325,457,2023-03-28,completed
1326,461,2023-10-28,cancelled
1327,320,2025-04-15,completed
1328,96,2025-03-03,pending
1329,378,2024-05-22,completed
1332,338,2025-03-27,completed
1333,339,2023-03-11,completed
1334,381,2023-10-05,completed
1335,318,2023-03-11,cancelled
1336,480,2024-11-13,completed
1337,163,2023-05-29,completed
1338,295,2024-01-03,completed
1339,153,2024-08-24,completed
1340,34,2023-01-11,completed
1341,356,2023-12-07,completed
1342,498,2023-05-31,completed
1343,41,2023-07-15,cancelled
1345,302,2023-11-25,completed
1346,279,2024-07-24,completed
1347,7,2024-10-20,completed
1348,224,2024-02-28,completed
1349,260,2025-06-03,completed
1350,349,2023-10-25,completed
1351,288,2023-11-30,completed
1352,233,2023-11-22,completed
1353,385,2025-03-10,cancelled
1354,187,2023-01-28,completed
1355,23,2025-12-23,completed
1356,74,2023-02-17,completed
1357,58,2024-01-18,completed
1358,147,2024-07-30,returned
1359,305,2024-12-18,completed
1360,253,2023-04-18,completed
1361,216,2024-09-26,completed
1362,79,2025-04-11,completed
1363,192,2023-01-09,completed
1364,162,2024-12-11,completed
1366,64,2023-06-13,returned
1367,366,2024-06-24,completed
1368,126,2023-07-25,completed
1369,21,2023-10-01,completed
1370,364,2025-12-31,completed
1371,12,2024-05-29,completed
1372,269,2023-01-19,completed
1373,227,2023-05-23,pending
1374,202,2024-05-18,completed
1375,153,2023-02-27,completed
1376,161,2025-10-28,completed
1377,139,2025-06-08,completed
1378,98,2024-12-31,completed
1379,474,2025-09-19,cancelled
1380,8,2024-03-01,completed
1381,300,2025-12-28,completed
1383,456,2023-11-27,completed
1384,40,2024-02-14,completed
1385,291,2025-03-03,completed
1386,26,2023-05-02,completed
1387,51,2024-12-30,completed
1388,4,2025-12-08,completed
1389,90,2024-09-11,completed
1390,421,2023-03-27,completed
1391,138,2024-03-10,completed
1392,312,2024-07-23,completed
1393,57,2025-03-08,completed
1394,261,2023-01-30,completed
1396,182,2023-10-14,completed
1397,79,2023-07-17,completed
1398,218,2025-12-06,completed
1399,457,2025-01-08,completed
1400,110,2023-06-27,pending
1401,281,2023-02-17,returned
1402,320,2023-02-25,cancelled
1403,140,2025-07-06,cancelled
1404,161,2025-12-10,cancelled
1405,155,2025-03-10,cancelled
1406,492,2025-09-07,completed
1407,69,2023-02-24,completed
1408,74,2024-04-18,returned
1409,401,2024-04-06,completed
1410,169,2023-03-29,completed
1412,248,2023-07-29,returned
1413,398,2023-06-02,completed
1414,263,2025-04-23,completed
1415,417,2025-06-03,completed
1416,256,2023-11-25,completed
1417,397,2023-03-19,cancelled
1418,438,2025-02-02,completed
1419,197,2024-06-05,completed
1420,478,2023-08-24,completed
1421,483,2023-07-22,completed
1422,416,2023-02-22,completed
1423,395,2023-11-07,cancelled
1424,232,2025-02-12,completed
1425,383,2024-05-07,cancelled
1426,358,2024-07-04,completed
1427,498,2024-03-28,completed
1429,66,2023-05-17,completed
1430,249,2025-02-08,completed
1432,205,2024-01-05,completed
1433,48,2025-07-26,completed
1434,223,2025-11-18,completed
1435,299,2023-07-08,completed
1436,344,2025-12-10,completed
1437,337,2023-05-28,completed
1438,491,2024-11-17,completed
1439,404,2025-04-06,completed
1440,379,2023-09-21,completed
1441,301,2023-12-27,completed
1443,441,2024-08-03,completed
1444,220,2023-12-21,completed
1445,444,2024-07-20,completed
1446,492,2024-11-11,completed
1447,401,2024-03-24,cancelled
1448,163,2024-11-23,completed
1449,174,2023-11-17,cancelled
1450,220,2023-02-23,completed
1452,141,2025-05-17,pending
1453,141,2023-08-30,completed
1454,430,2023-12-03,completed
1455,421,2025-11-01,completed
1456,197,2025-07-31,completed
1458,140,2023-03-11,completed
1459,337,2024-07-14,completed
1460,32,2025-06-08,completed
1461,6,2023-06-20,completed
1462,475,2023-03-09,completed
1463,39,2025-09-06,completed
1464,453,2025-10-11,cancelled
1465,419,2023-10-05,completed
1467,195,2025-05-27,completed
1468,146,2023-06-05,completed
1469,209,2024-12-06,pending
1470,145,2023-05-14,completed
1471,179,2025-04-03,completed
1473,134,2025-11-14,cancelled
1475,209,2025-10-24,completed
1476,80,2024-07-22,cancelled
1477,480,2023-03-02,returned
1478,4,2025-06-13,completed
1480,148,2023-09-21,completed
1481,50,2025-06-29,returned
1482,166,2025-10-06,completed
1483,26,2025-01-05,completed
1484,163,2025-04-28,completed
1485,435,2024-07-05,completed
1487,145,2023-02-28,cancelled
1488,150,2024-03-31,completed
1489,51,2023-11-18,cancelled
1490,278,2023-12-29,completed
1494,33,2025-01-24,completed
1495,319,2023-10-20,completed
1496,401,2023-06-04,completed
1498,421,2024-10-19,completed
1499,126,2023-08-22,completed
1501,126,2024-11-20,completed
1502,275,2023-07-31,completed
1503,412,2025-05-26,completed
1504,414,2025-09-28,completed
1505,417,2024-08-12,cancelled
1507,92,2024-04-18,completed
1508,101,2025-10-07,pending
1509,371,2023-10-08,cancelled
1510,232,2023-10-22,completed
1511,393,2023-01-25,completed
1512,71,2023-11-07,returned
1513,138,2024-06-02,cancelled
1514,196,2025-11-09,pending
1515,190,2024-07-27,cancelled
1516,319,2023-07-11,returned
1517,403,2023-05-03,completed
1518,175,2024-03-13,completed
1519,235,2025-11-01,completed
1520,163,2025-07-05,cancelled
1522,82,2025-09-02,completed
1523,131,2023-05-18,completed
1524,73,2025-09-14,completed
1525,4,2025-11-21,completed
1526,65,2025-01-29,completed
1527,289,2023-09-14,cancelled
1528,66,2025-09-11,returned
1529,424,2024-07-24,completed
1530,428,2025-05-24,completed
1531,121,2024-06-28,completed
1532,235,2024-01-09,completed
1533,320,2025-07-28,completed
1534,204,2023-11-07,completed
1536,207,2023-07-06,completed
1537,419,2025-05-16,completed
1539,383,2023-02-05,completed
1540,433,2024-03-20,completed
1541,302,2024-04-25,completed
1542,159,2025-12-24,completed
1543,26,2024-04-16,completed
1544,202,2023-02-20,cancelled
1545,443,2024-09-12,cancelled
1546,179,2024-03-10,completed
1547,104,2025-10-28,completed
1548,354,2025-11-08,completed
1549,270,2025-01-02,completed
1550,264,2025-11-20,completed
1551,167,2023-01-02,completed
1552,246,2025-06-07,completed
1553,482,2023-09-13,completed
1554,274,2023-06-14,cancelled
1555,95,2024-01-06,completed
1556,7,2025-11-04,completed
1557,108,2023-02-02,cancelled
1558,11,2024-06-19,returned
1559,401,2024-07-21,returned
1562,441,2025-08-01,completed
1563,396,2025-04-16,completed
1564,354,2023-03-06,completed
1566,469,2023-10-18,completed
1567,71,2024-12-20,completed
1568,95,2023-07-12,completed
1569,396,2024-04-21,completed
1570,95,2024-06-25,completed
1571,347,2024-08-22,completed
1572,184,2024-03-26,completed
1573,342,2025-09-01,completed
1574,15,2025-12-12,pending
1576,169,2023-10-20,completed
1577,177,2023-07-05,completed
1578,125,2025-01-20,completed
1579,13,2024-06-13,completed
1580,408,2023-03-20,cancelled
1581,492,2023-05-12,completed
1582,375,2024-04-13,completed
1583,461,2024-10-21,completed
1584,380,2023-06-15,completed
1585,285,2024-03-12,completed
1586,399,2023-01-18,completed
1587,275,2023-10-27,completed
1589,40,2025-03-03,completed
1590,239,2024-09-19,completed
1591,52,2025-08-28,completed
1592,57,2023-06-14,completed
1593,200,2024-01-17,completed
1594,434,2024-12-26,completed
1595,434,2025-09-05,cancelled
1596,336,2024-08-14,pending
1597,37,2025-05-02,completed
1598,58,2025-12-25,completed
1600,296,2023-10-24,completed
1601,42,2023-12-15,completed
1602,230,2025-12-02,cancelled
1603,280,2024-11-18,completed
1604,457,2025-06-05,completed
1605,188,2025-07-07,completed
1606,486,2023-04-07,completed
1607,253,2023-12-18,completed
1608,315,2024-11-05,completed
1609,345,2025-01-01,completed
1610,436,2024-03-22,completed
1612,208,2023-09-06,completed
1614,398,2024-11-04,completed
1615,35,2024-03-17,completed
1616,334,2023-12-16,returned
1617,32,2024-05-18,completed
1618,87,2024-07-08,pending
1619,429,2023-01-15,completed
1621,164,2023-10-02,completed
1622,423,2023-06-05,cancelled
1623,164,2024-01-07,completed
1624,222,2025-05-17,completed
1625,157,2023-11-01,completed
1626,154,2024-04-16,completed
1627,90,2023-12-28,completed
1628,421,2024-12-12,completed
1629,108,2023-07-16,completed
1630,261,2024-03-10,pending
1631,444,2023-04-16,completed
1633,328,2025-11-25,cancelled
1635,442,2024-05-07,cancelled
1636,148,2025-04-13,cancelled
1637,296,2024-11-13,cancelled
1638,445,2025-09-29,completed
1639,109,2024-06-12,completed
1640,245,2023-04-08,completed
1641,444,2025-08-03,completed
1642,440,2024-07-12,completed
1643,404,2023-02-26,completed
1644,182,2025-06-30,completed
1645,334,2023-05-02,completed
1646,143,2025-04-17,completed
1648,15,2023-06-11,completed
1649,42,2023-07-28,completed
1650,157,2025-05-20,completed
1651,9,2023-09-30,completed
1652,162,2025-09-12,completed
1653,231,2024-03-12,cancelled
1654,2,2024-06-21,completed
1655,43,2025-04-12,returned
1656,462,2025-05-06,completed
1657,480,2025-01-16,completed
1658,414,2023-08-15,completed
1659,34,2025-02-27,completed
1660,264,2025-08-25,completed
1661,128,2024-12-30,cancelled
1662,31,2024-08-30,completed
1663,316,2025-04-14,completed
1664,286,2024-01-12,completed
1665,498,2025-02-22,completed
1666,43,2025-10-19,completed
1668,72,2024-12-21,completed
1669,131,2025-08-06,completed
1670,76,2025-11-22,cancelled
1671,479,2024-06-20,completed
1672,297,2023-06-20,pending
1673,287,2025-11-07,completed
1674,71,2023-02-17,pending
1675,142,2025-07-04,completed
1676,302,2023-09-07,cancelled
1677,66,2025-01-04,pending
1678,389,2025-12-18,completed
1679,82,2023-12-04,returned
1680,192,2025-06-13,completed
1681,411,2025-09-09,completed
1682,82,2025-09-27,completed
1683,166,2023-08-30,completed
1684,58,2025-06-21,completed
1685,106,2025-10-29,completed
1686,44,2024-11-01,completed
1687,406,2024-09-17,completed
1688,154,2023-05-28,completed
1689,383,2024-12-09,completed
1690,457,2025-06-14,completed
1691,33,2023-11-10,cancelled
1693,72,2023-11-22,completed
1695,34,2025-02-06,completed
1696,142,2023-12-31,completed
1697,228,2025-02-15,completed
1698,156,2024-06-23,completed
1699,90,2023-01-06,completed
1700,487,2024-05-31,cancelled
1701,181,2025-08-17,completed
1702,449,2025-08-15,completed
1703,10,2024-12-05,completed
1705,50,2025-10-06,completed
1707,21,2025-06-16,returned
1708,51,2023-11-16,completed
1709,408,2025-12-15,completed
1710,276,2023-06-24,completed
1711,467,2023-12-04,completed
1713,13,2024-12-02,pending
1714,65,2024-02-06,completed
1715,405,2023-10-28,cancelled
1716,93,2024-10-11,returned
1717,353,2024-12-02,completed
1718,488,2025-11-16,completed
1719,268,2024-05-12,pending
1720,278,2025-03-08,completed
1721,498,2025-08-10,completed
1722,256,2024-07-31,cancelled
1723,408,2025-05-29,completed
1724,118,2024-11-19,pending
1725,237,2023-08-30,returned
1726,204,2024-11-29,completed
1728,388,2024-09-02,cancelled
1729,123,2024-10-30,completed
1730,156,2023-07-01,completed
1731,7,2024-11-25,cancelled
1732,156,2024-06-03,completed
1733,130,2024-04-19,completed
1734,115,2025-07-20,completed
1735,91,2025-05-10,completed
1736,440,2024-09-13,pending
1737,175,2023-11-29,completed
1738,452,2024-08-16,completed
1739,349,2024-02-21,completed
1740,374,2025-04-15,completed
1741,458,2023-10-23,completed
1742,339,2025-04-13,returned
1743,74,2024-04-15,completed
1744,98,2025-03-13,completed
1747,327,2025-03-23,completed
1748,18,2023-07-10,completed
1749,398,2025-11-29,cancelled
1750,291,2025-04-17,cancelled
1751,10,2023-03-26,completed
1752,185,2024-07-10,completed
1753,10,2024-12-29,completed
1754,253,2024-05-02,completed
1755,273,2023-07-24,completed
1756,290,2025-09-16,completed
1757,370,2024-05-02,completed
1758,432,2025-06-27,completed
1759,480,2023-08-15,pending
1760,67,2023-06-13,completed
1761,488,2025-08-20,completed
1762,319,2025-11-28,completed
1763,116,2025-12-29,completed
1764,291,2023-05-15,completed
1765,356,2023-10-11,completed
1766,390,2024-07-03,completed
1767,76,2023-08-11,completed
1768,65,2024-04-01,completed
1769,409,2024-12-23,completed
1770,121,2023-01-22,completed
1771,362,2024-06-16,completed
1772,187,2024-07-02,completed
1773,109,2024-01-11,completed
1774,409,2023-07-21,completed
1775,130,2025-02-05,cancelled
1777,274,2023-04-21,pending
1778,41,2023-11-17,completed
1779,411,2025-09-22,completed
1780,376,2024-12-08,completed
1782,210,2025-05-31,completed
1784,161,2023-11-12,completed
1785,217,2025-10-31,completed
1786,146,2025-05-05,cancelled
1787,144,2025-03-11,completed
1788,376,2025-12-16,completed
1789,91,2023-01-25,completed
1790,265,2023-02-28,completed
1791,457,2025-03-04,completed
1792,221,2025-01-18,completed
1793,17,2025-12-19,completed
1795,192,2024-08-17,completed
1796,17,2023-03-16,completed
1797,128,2023-05-02,completed
1798,366,2025-06-15,completed
1799,173,2024-11-01,completed
1800,240,2023-07-29,completed
1801,260,2023-01-25,completed
1802,249,2023-03-10,completed
1803,425,2024-07-31,completed
1804,279,2024-01-27,completed
1805,195,2023-09-07,completed
1806,434,2023-10-20,completed
1807,265,2023-08-01,returned
1808,231,2025-01-09,completed
1809,36,2023-08-03,cancelled
1810,110,2025-07-10,completed
1812,152,2023-07-13,completed
1813,144,2025-12-03,completed
1814,234,2023-01-09,completed
1815,415,2023-03-17,completed
1816,389,2023-04-17,completed
1817,151,2024-12-31,completed
1818,56,2023-02-24,completed
1819,110,2023-08-17,completed
1820,101,2024-12-15,completed
1821,474,2024-07-14,completed
1822,237,2023-08-31,completed
1823,190,2025-03-16,completed
1824,68,2023-07-22,pending
1825,402,2023-08-16,completed
1826,213,2025-07-30,completed
1827,379,2023-10-14,completed
1828,112,2024-06-24,completed
1829,71,2023-05-28,completed
1830,204,2023-09-06,completed
1831,354,2024-05-03,completed
1832,461,2025-04-03,returned
1833,320,2023-12-05,completed
1834,401,2024-03-28,completed
1835,86,2025-12-22,completed
1836,137,2024-04-27,completed
1837,261,2023-01-14,completed
1838,330,2024-06-05,completed
1839,111,2025-07-22,completed
1840,83,2023-03-04,completed
1841,115,2023-12-17,completed
1842,77,2025-08-24,completed
1843,358,2024-03-04,completed
1844,10,2025-01-14,completed
1846,69,2024-10-21,completed
1847,73,2023-03-03,completed
1850,485,2023-12-15,completed
1851,362,2024-02-04,cancelled
1852,429,2025-07-22,completed
1853,208,2024-11-27,completed
1854,279,2023-12-29,completed
1855,279,2024-09-25,completed
1856,254,2023-06-30,completed
1857,445,2023-06-29,completed
1858,364,2025-02-08,returned
1859,260,2025-11-23,completed
1860,463,2023-08-28,completed
1861,452,2024-12-23,completed
1862,497,2025-03-21,completed
1863,436,2025-07-14,returned
1864,119,2025-07-14,pending
1865,410,2024-05-25,completed
1866,341,2023-05-28,completed
1867,227,2023-07-20,cancelled
1868,81,2024-02-09,completed
1869,23,2024-04-04,pending
1870,161,2024-11-08,completed
1871,169,2024-05-12,completed
1872,215,2024-06-27,completed
1873,167,2025-04-09,completed
1874,152,2024-12-23,completed
1875,171,2025-10-20,completed
1876,267,2024-05-15,completed
1877,289,2024-11-21,completed
1878,435,2024-09-25,completed
1879,81,2025-02-12,completed
1880,246,2023-12-21,completed
1881,262,2025-08-06,completed
1882,355,2023-02-22,pending
1883,215,2024-10-25,cancelled
1884,176,2025-08-02,completed
1885,398,2025-06-07,returned
1887,494,2025-02-13,completed
1888,192,2024-07-07,completed
1889,285,2023-02-10,completed
1890,400,2025-03-30,cancelled
1891,116,2025-02-02,completed
1893,341,2025-08-27,completed
1894,89,2025-08-21,completed
1895,197,2024-06-12,completed
1896,403,2025-01-20,cancelled
1897,203,2025-07-05,completed
1898,267,2025-03-11,completed
1899,24,2025-06-28,completed
1900,493,2025-11-27,completed
1902,257,2023-04-18,completed
1903,76,2025-05-07,completed
1904,281,2023-10-16,cancelled
1905,491,2024-05-31,pending
1906,275,2024-07-09,completed
1907,278,2025-08-21,completed
1908,493,2024-01-08,completed
1909,459,2023-02-25,cancelled
1910,68,2024-05-06,completed
1911,231,2024-09-05,completed
1912,181,2023-05-09,completed
1913,434,2025-09-26,completed
1914,427,2025-12-06,completed
1915,473,2025-12-13,completed
1916,277,2025-07-31,completed
1918,370,2023-01-13,returned
1919,178,2025-01-24,completed
1920,241,2023-09-15,completed
1921,12,2023-12-01,completed
1922,372,2024-04-01,completed
1923,331,2025-12-16,completed
1924,221,2024-04-12,completed
1926,166,2023-06-24,completed
1927,47,2025-02-08,completed
1928,188,2024-02-28,cancelled
1929,262,2023-05-26,returned
1930,176,2025-01-29,completed
1931,154,2024-08-09,completed
1932,35,2024-01-14,cancelled
1933,198,2024-06-20,completed
1934,299,2025-06-12,completed
1935,409,2023-03-21,cancelled
1936,145,2025-09-06,completed
1937,5,2023-06-28,completed
1938,104,2025-06-04,cancelled
1939,453,2024-02-22,pending
1940,157,2023-11-30,pending
1941,347,2025-01-08,completed
1942,221,2025-03-27,pending
1943,440,2023-07-08,cancelled
1944,410,2025-01-23,pending
1945,177,2025-10-12,completed
1946,388,2023-08-29,cancelled
1947,389,2025-02-15,completed
1948,71,2024-05-22,completed
1949,163,2023-01-19,completed
1950,102,2024-03-18,cancelled
1951,3,2025-10-06,completed
1952,446,2023-08-23,pending
1954,124,2023-03-08,completed
1955,137,2024-04-17,completed
1956,171,2023-12-12,completed
1958,58,2024-03-14,cancelled
1959,158,2023-03-05,cancelled
1960,384,2024-11-12,completed
1961,386,2024-04-19,completed
1962,174,2024-12-26,completed
1963,436,2025-04-27,completed
1964,412,2025-12-22,completed
1965,324,2024-02-01,completed
1967,64,2024-01-07,completed
1968,385,2024-12-25,completed
1969,157,2024-08-05,completed
1970,422,2024-07-24,completed
1971,173,2023-06-03,completed
1972,362,2024-05-17,completed
1973,274,2025-01-05,completed
1974,287,2023-05-13,cancelled
1975,154,2024-06-11,completed
1976,296,2024-09-13,completed
1980,389,2025-12-20,completed
1981,382,2023-02-13,cancelled
1982,407,2023-03-13,cancelled
1983,147,2024-07-04,completed
1985,68,2023-05-05,pending
1986,115,2023-03-09,completed
1987,77,2025-03-29,completed
1988,409,2024-03-05,returned
1989,82,2025-11-30,completed
1990,120,2025-08-23,completed
1991,107,2023-03-11,completed
1992,393,2023-09-19,completed
1993,458,2025-03-01,cancelled
1994,343,2024-08-15,completed
1995,186,2024-06-22,completed
1996,49,2025-02-05,cancelled
1997,378,2025-04-09,completed
1999,347,2024-02-26,pending
2000,165,2024-08-08,completed
2001,47,2023-10-27,returned
2002,200,2025-08-02,completed
2003,110,2023-05-14,completed
2004,6,2025-11-29,completed
2005,440,2025-04-26,returned
2006,403,2023-02-17,completed
2007,493,2024-09-06,completed
2008,403,2024-10-28,returned
2009,177,2023-06-29,completed
2011,448,2024-05-29,completed
2014,387,2025-04-09,pending
2016,439,2024-12-25,completed
2018,76,2024-02-22,completed
2019,100,2024-12-23,completed
2021,199,2025-01-28,completed
2022,68,2024-04-16,completed
2023,175,2025-10-31,pending
2024,361,2023-08-09,completed
2025,398,2023-01-28,completed
2026,289,2024-07-28,completed
2027,204,2024-03-27,completed
2028,337,2025-01-05,cancelled
2029,50,2024-08-08,completed
2030,413,2025-03-05,completed
2031,24,2025-01-26,cancelled
2032,481,2023-10-31,pending
2034,465,2024-04-11,completed
2035,425,2024-08-13,completed
2036,456,2023-08-12,completed
2037,276,2025-09-21,completed
2038,279,2024-09-14,completed
2039,112,2025-11-24,completed
2041,360,2025-12-06,completed
2042,348,2024-01-18,completed
2043,242,2024-06-20,completed
2044,242,2023-05-28,cancelled
2045,152,2023-06-18,pending
2046,473,2023-10-19,cancelled
2047,186,2024-05-12,completed
2048,155,2025-10-13,completed
2049,28,2023-09-25,completed
2051,83,2024-04-14,completed
2052,255,2025-07-29,completed
2053,496,2023-09-18,cancelled
2054,405,2025-06-20,completed
2055,185,2025-06-01,completed
2056,495,2024-07-13,pending
2057,469,2024-11-27,completed
2058,240,2023-06-30,completed
2059,174,2025-01-10,cancelled
2060,107,2025-04-19,completed
2061,291,2025-05-20,cancelled
2062,335,2024-09-01,completed
2064,94,2025-04-25,completed
2065,443,2025-03-17,returned
2066,339,2025-02-20,returned
2067,235,2024-09-17,completed
2068,433,2025-01-15,completed
2069,429,2023-01-10,completed
2070,496,2024-08-23,returned
2071,196,2025-09-30,completed
2072,133,2024-06-26,completed
2073,368,2024-06-02,completed
2074,133,2023-02-25,cancelled
2075,111,2025-12-28,completed
2076,22,2024-07-20,completed
2078,232,2025-06-03,cancelled
2079,101,2025-08-29,completed
2081,442,2025-05-24,completed
2082,12,2024-12-05,completed
2083,441,2024-11-15,completed
2084,66,2025-08-03,completed
2085,386,2025-01-14,completed
2086,117,2024-12-20,completed
2087,30,2024-01-23,completed
2088,283,2024-10-08,completed
2089,18,2025-01-31,cancelled
2090,311,2025-04-03,completed
2091,407,2024-01-04,completed
2093,65,2023-04-24,cancelled
2096,141,2024-12-28,completed
2097,174,2024-05-14,completed
2100,260,2023-10-02,completed
2102,364,2024-11-08,completed
2103,68,2024-11-29,completed
2104,64,2023-11-10,completed
2105,327,2023-04-25,pending
2106,411,2023-09-09,completed
2107,28,2024-12-30,completed
2108,368,2024-04-19,completed
2109,343,2023-03-15,pending
2110,83,2023-04-10,completed
2111,2,2024-04-28,completed
2112,383,2023-10-04,completed
2113,373,2024-09-20,completed
2114,350,2025-08-29,cancelled
2115,132,2024-03-20,completed
2116,6,2025-02-14,completed
2117,490,2025-03-10,pending
2118,107,2024-07-06,completed
2119,155,2025-12-02,completed
2120,352,2024-10-28,completed
2121,436,2025-03-21,completed
2122,131,2024-12-28,completed
2123,444,2023-04-14,completed
2124,45,2024-01-20,cancelled
2125,281,2025-04-03,pending
2126,186,2023-02-12,completed
2127,318,2023-08-20,completed
2128,79,2023-10-14,completed
2129,126,2023-09-16,completed
2130,180,2023-03-30,completed
2131,174,2025-05-07,completed
2132,383,2025-07-20,completed
2133,433,2025-06-13,completed
2134,498,2024-01-20,completed
2135,359,2023-06-17,completed
2136,350,2025-12-18,completed
2137,157,2023-03-09,completed
2139,237,2024-07-06,completed
2140,472,2025-08-21,completed
2141,360,2023-04-28,completed
2142,309,2024-06-11,completed
2143,477,2025-08-14,completed
2144,298,2023-11-24,completed
2145,2,2023-05-20,cancelled
2146,26,2024-02-07,completed
2147,344,2023-10-02,completed
2148,336,2025-04-01,completed
2149,462,2024-02-24,completed
2150,370,2025-08-26,completed
2151,310,2025-08-19,completed
2152,457,2023-09-10,cancelled
2153,493,2024-01-23,completed
2154,285,2024-03-19,completed
2155,130,2023-09-11,completed
2156,43,2025-07-31,completed
2157,142,2025-06-18,completed
2158,355,2025-09-15,completed
2159,357,2024-11-07,completed
2160,132,2023-07-25,completed
2161,55,2023-05-19,completed
2162,269,2025-10-31,completed
2163,158,2023-06-08,completed
2164,155,2024-11-15,completed
2165,129,2023-12-14,completed
2167,128,2025-12-12,completed
2169,101,2025-01-06,completed
2170,290,2024-11-05,cancelled
2171,4,2024-03-19,pending
2172,16,2024-09-10,completed
2173,198,2024-10-31,pending
2174,51,2025-11-25,completed
2175,274,2024-04-27,completed
2176,372,2024-05-30,returned
2177,230,2023-03-02,completed
2178,466,2023-04-17,completed
2179,452,2023-05-30,completed
2180,342,2024-02-29,completed
2181,262,2025-02-19,pending
2182,245,2023-03-23,completed
2183,315,2024-04-26,completed
2184,438,2023-01-07,completed
2185,37,2023-01-24,returned
2186,190,2024-11-20,cancelled
2187,298,2024-12-26,completed
2188,176,2024-04-16,cancelled
2189,472,2023-10-16,completed
2190,423,2023-10-14,completed
2191,217,2025-10-16,completed
2193,298,2023-02-23,cancelled
2194,13,2025-07-05,completed
2195,438,2023-09-20,completed
2196,185,2023-04-03,completed
2197,69,2025-08-25,pending
2198,44,2023-06-07,cancelled
2199,238,2023-09-21,completed
2200,330,2023-11-26,completed
2201,379,2025-11-10,completed
2202,325,2024-12-13,cancelled
2203,308,2024-04-27,completed
2204,337,2023-04-23,completed
2205,358,2025-12-12,cancelled
2206,17,2025-07-21,completed
2207,388,2025-10-09,completed
2208,55,2025-01-21,completed
2209,455,2024-09-28,completed
2210,140,2025-06-06,completed
2211,119,2024-10-30,completed
2212,396,2025-09-15,completed
2213,30,2024-04-11,completed
2214,479,2023-05-02,completed
2215,189,2025-08-30,completed
2216,196,2025-08-18,pending
2217,133,2023-05-17,cancelled
2218,6,2024-05-22,completed
2219,346,2023-12-02,completed
2220,351,2024-09-29,completed
2221,169,2025-06-17,pending
2222,94,2023-10-01,completed
2223,447,2025-11-07,completed
2224,399,2025-03-10,completed
2225,28,2023-01-18,completed
2227,182,2025-06-10,completed
2228,324,2025-08-17,completed
2229,31,2024-04-18,pending
2231,442,2023-10-22,completed
2232,83,2024-03-03,completed
2233,393,2023-03-24,returned
2234,494,2023-01-14,completed
2235,174,2023-12-14,returned
2236,320,2024-06-26,completed
2237,7,2023-01-03,completed
2238,321,2025-12-04,cancelled
2240,319,2024-04-22,cancelled
2241,380,2024-11-27,pending
2242,425,2023-02-24,completed
2243,89,2025-09-05,completed
2244,126,2024-10-24,completed
2246,145,2025-08-10,completed
2247,401,2024-11-28,completed
2248,50,2023-03-30,cancelled
2249,64,2023-10-03,completed
2250,350,2024-06-14,completed
2251,496,2025-05-09,completed
2252,78,2024-08-16,completed
2253,137,2025-12-04,returned
2254,35,2025-07-04,completed
2255,486,2025-08-19,pending
2256,442,2023-08-24,completed
2257,171,2024-03-11,completed
2258,208,2024-01-23,completed
2259,13,2025-02-11,completed
2260,41,2025-09-26,cancelled
2261,448,2025-01-02,completed
2262,269,2025-10-19,completed
2263,83,2024-03-24,completed
2264,140,2024-06-13,completed
2265,152,2024-04-17,cancelled
2266,419,2025-06-05,cancelled
2267,37,2023-05-08,completed
2268,213,2023-12-15,completed
2269,195,2023-10-14,cancelled
2270,123,2023-02-10,completed
2272,480,2025-07-20,completed
2273,169,2025-03-24,returned
2274,355,2023-08-16,returned
2275,351,2024-08-04,completed
2276,68,2025-10-09,completed
2277,380,2023-09-18,completed
2278,196,2024-09-16,completed
2279,80,2023-09-27,completed
2280,98,2024-12-10,completed
2282,90,2024-11-03,completed
2283,182,2025-06-21,completed
2284,55,2024-05-20,completed
2285,114,2023-04-14,completed
2286,471,2023-08-13,completed
2287,18,2025-03-12,completed
2288,201,2024-05-29,completed
2289,257,2023-11-18,completed
2290,23,2025-05-16,pending
2291,190,2023-09-04,completed
2292,147,2024-12-25,pending
2293,161,2023-05-20,completed
2294,346,2025-01-09,completed
2295,265,2023-10-14,completed
2296,246,2025-01-24,completed
2297,220,2023-04-28,cancelled
2298,250,2023-10-20,completed
2299,86,2025-01-26,completed
2300,342,2024-11-03,completed
2301,221,2025-02-11,completed
2302,210,2024-12-30,completed
2303,194,2023-10-27,returned
2304,452,2023-12-06,completed
2306,129,2024-06-05,completed
2307,279,2023-02-26,completed
2308,405,2025-10-08,completed
2309,410,2025-02-28,completed
2310,100,2025-03-19,completed
2311,91,2025-09-20,completed
2313,193,2024-03-11,completed
2314,468,2024-08-06,completed
2315,376,2023-01-20,completed
2316,195,2023-01-26,cancelled
2317,387,2025-07-12,completed
2318,58,2025-08-15,completed
2319,14,2023-06-20,completed
2320,240,2025-04-22,pending
2321,97,2024-06-09,completed
2322,352,2024-11-23,cancelled
2324,224,2025-10-04,completed
2325,174,2024-04-20,completed
2326,227,2025-06-25,completed
2327,436,2023-03-05,completed
2328,22,2023-05-12,completed
2329,181,2025-06-19,returned
2330,42,2025-12-03,completed
2331,172,2025-10-20,completed
2332,231,2024-11-09,cancelled
2333,448,2025-07-31,completed
2334,94,2025-12-09,completed
2335,318,2024-01-25,completed
2336,101,2025-12-18,completed
2337,284,2025-05-02,completed
2339,448,2025-04-01,cancelled
2340,447,2023-10-29,completed
2341,417,2025-12-24,completed
2342,466,2025-10-02,completed
2343,166,2025-12-17,completed
2344,246,2023-12-30,cancelled
2346,154,2024-05-03,completed
2347,14,2025-04-26,completed
2348,359,2025-03-01,completed
2350,476,2025-05-01,pending
2351,317,2025-02-18,cancelled
2352,8,2024-04-01,completed
2353,386,2025-10-28,completed
2355,393,2025-04-19,pending
2356,42,2023-06-28,completed
2357,270,2023-09-25,completed
2358,329,2025-07-17,returned
2359,115,2024-05-31,completed
2360,382,2024-08-17,completed
2361,396,2023-11-20,completed
2362,320,2024-06-05,completed
2363,145,2024-10-17,completed
2364,12,2025-11-12,completed
2365,97,2025-12-03,completed
2366,412,2025-02-26,completed
2367,155,2025-05-30,completed
2368,242,2023-04-09,completed
2369,249,2025-04-26,completed
2370,30,2025-10-29,completed
2371,191,2023-04-11,completed
2372,348,2023-05-24,completed
2373,410,2023-01-30,completed
2374,153,2025-11-04,completed
2375,291,2025-09-05,completed
2376,397,2025-11-04,completed
2377,275,2023-06-23,cancelled
2378,151,2025-06-04,completed
2379,87,2023-11-16,cancelled
2380,155,2023-03-31,completed
2381,465,2023-02-27,completed
2382,17,2025-10-11,completed
2383,180,2023-12-30,completed
2384,461,2023-07-04,completed
2385,42,2025-04-29,completed
2386,175,2025-01-28,completed
2387,301,2024-01-20,completed
2388,75,2025-05-29,completed
2389,44,2024-04-04,completed
2390,449,2024-01-11,completed
2391,56,2023-07-05,completed
2392,212,2025-05-04,completed
2395,428,2023-01-07,completed
2396,41,2023-03-03,completed
2397,435,2025-11-21,completed
2398,116,2024-03-23,completed
2399,129,2023-09-16,completed
2400,207,2023-05-07,completed
2401,465,2024-11-02,completed
2402,462,2023-10-02,cancelled
2403,152,2024-06-08,completed
2404,378,2023-03-11,completed
2405,369,2025-06-27,completed
2406,8,2024-08-06,completed
2407,397,2024-04-15,completed
2408,282,2023-05-17,completed
2409,459,2025-05-11,completed
2410,338,2025-10-01,cancelled
2411,420,2024-05-14,completed
2412,30,2024-11-07,completed
2413,400,2023-09-08,completed
2414,226,2024-04-19,completed
2415,55,2024-10-13,completed
2417,86,2024-08-01,completed
2418,221,2025-03-04,cancelled
2419,343,2024-02-03,completed
2420,447,2025-07-05,completed
2422,80,2025-06-28,completed
2423,429,2025-05-05,completed
2424,473,2025-04-28,completed
2425,369,2024-08-31,returned
2428,166,2023-12-30,completed
2429,320,2025-01-06,completed
2430,493,2023-10-25,completed
2431,13,2024-12-06,completed
2432,360,2025-11-11,completed
2433,432,2023-12-03,cancelled
2434,116,2023-11-21,completed
2435,229,2025-02-17,completed
2436,492,2024-09-02,completed
2437,40,2024-05-14,completed
2438,208,2023-04-11,cancelled
2439,49,2023-07-20,completed
2440,468,2025-02-13,cancelled
2441,375,2025-04-29,completed
2442,152,2023-02-06,completed
2443,321,2024-08-12,completed
2444,448,2024-07-14,completed
2445,192,2024-05-14,completed
2446,120,2024-02-12,completed
2447,163,2023-05-16,returned
2448,433,2025-03-14,completed
2449,389,2024-04-11,completed
2450,259,2024-08-28,returned
2451,304,2024-12-30,completed
2453,172,2024-10-07,completed
2454,241,2024-04-19,completed
2455,478,2024-03-02,completed
2456,265,2025-10-23,completed
2457,60,2023-10-08,completed
2458,479,2023-07-22,completed
2459,391,2024-05-07,completed
2460,131,2025-09-28,completed
2461,316,2025-05-04,completed
2462,198,2023-03-06,completed
2464,411,2025-05-19,completed
2465,93,2024-05-21,completed
2466,285,2025-05-09,returned
2467,74,2023-08-29,completed
2468,357,2024-11-16,completed
2469,272,2025-04-06,completed
2470,364,2023-07-15,completed
2471,228,2023-04-03,completed
2472,398,2025-09-22,completed
2473,474,2024-07-01,completed
2474,422,2024-07-18,returned
2475,366,2025-05-30,completed
2477,81,2023-05-01,completed
2479,353,2025-06-18,completed
2480,108,2023-07-26,completed
2481,119,2024-10-14,pending
2482,263,2023-04-02,completed
2483,408,2023-03-09,completed
2484,320,2025-08-23,cancelled
2485,223,2024-10-23,completed
2487,7,2023-05-19,pending
2488,60,2025-06-27,completed
2489,319,2023-03-15,completed
2490,306,2025-03-28,completed
2491,178,2023-06-28,completed
2492,102,2024-05-29,completed
2493,253,2023-11-23,returned
2494,73,2024-06-19,completed
2495,2,2025-12-17,completed
2496,458,2023-08-14,returned
2497,278,2023-01-25,completed
2498,486,2024-11-29,completed
2499,215,2023-10-08,completed
2500,371,2025-12-08,completed
